id,codigo,lote,produto,tipo,vencimento,necessita_receita
432b959a-cb62-495c-811c-f112b187a560,32788,1709583, RALTEGRAVIR 100MG- SACHÊ,SACHÊ,2028-06-07,False
5df9f7e1-405b-4441-bbe2-3353ec68b8c5,6074,2302280,ACETAZOLAMIDA 250MG - COMP,COMPRIMIDO,2027-06-03,False
91c034b1-f7ca-4219-ac2c-e9b0b1506611,14530,4A3212,ACETILCISTEÍNA 20MG/ML - 120ML - FR,FRASCO,2028-06-03,False
cc57962f-80be-4614-80fc-852da65d29ea,2266,2409156,ACETILCISTEÍNA 600 MG - ENV,ENVELOPE,2028-06-07,False
07b159c9-bdf2-4a06-8059-f191299509d4,1282,24020334,ACICLOVIR 250MG - FA,FRASCO AMPOLA,2028-06-01,False
24d8c0b3-7945-47f9-b103-d59c252921c2,1435,BR167129,ACICLOVIR 400MG - COMP,COMPRIMIDO,2028-06-03,False
da12ae2c-ae95-4648-b007-bb84878524f6,1171,19318,ACIDO FOLICO 5MG - COMP,COMPRIMIDO,2027-04-02,False
422d08cd-211a-4cd5-99d4-0d2556387fc7,1172,65423M,ACIDO FOLINICO 15MG - COMP,COMPRIMIDO,2027-06-03,False
bfff573c-a316-4fa4-8b6e-8c80edc879fb,20489,1174609,ACIDO URSODESOXICOLICO 50MG - COMP,COMPRIMIDO,2027-06-05,False
763a773c-8b86-4c13-8beb-a9b7b974e1c3,1343,191395,ADENOSINA 3MG/ML- 2ML - AMP,AMPOLA,2027-06-12,False
4dc6ba9c-0ab8-43d5-ae76-a31ec63278e9,1440,24E930,ALBENDAZOL 400MG - COMP,COMPRIMIDO,2028-06-05,False
34ba6e98-ed1e-4db2-8468-f1957ed06feb,1337,2402947,ALBENDAZOL 40MG/ML - 10ML - FR,FRASCO,2028-06-03,False
bce18db4-237d-4451-956a-7552a477026e,1308,P100600452,ALBUMINA HUMANA 20% - 50ML - FA,FRASCO AMPOLA,2027-06-05,False
1ba86a76-0091-4689-bed6-5ece3aad3b8f,1398,23J885,ALOPURINOL 100MG - COMP,COMPRIMIDO,2027-06-08,False
de63692f-3ce6-4287-ac52-bbbd9e816ea4,38739,1000865,ALPROSTADIL 20MCG - MANIPULADO - FA,AMPOLA,2027-06-03,False
a2d41131-a285-4fb3-84eb-450ba6321568,38662,303978,ALTEPLASE 10MG - 10ML - FA,FRASCO AMPOLA,2027-06-01,False
2c0f96e3-7647-41a7-960a-88454b4013c3,15744,306516,ALTEPLASE 50MG - 50ML - FA,FRASCO AMPOLA,2028-06-07,False
e34870cf-e349-42e9-87b2-0da023025a2a,1263,9070149,AMICACINA (SULFATO) 250MG/ML - 2ML (500 MG) - AMP,AMPOLA,2027-06-04,False
511c98ed-d119-4cdd-a897-879d59984b50,1123,AD00424,AMIODARONA (CLORIDRATO) 50MG/ML - 3ML (150MG) - AMP,AMPOLA,2026-06-12,False
f0a0b161-b024-4e52-a5b1-e55419a4b963,1122,M314996,AMIODARONA(CLORIDRATO) 200MG - COMP,COMPRIMIDO,2027-06-11,False
a49e8579-958e-41e2-9c02-4592b7ddb635,2981,2349273,AMOXICILINA 250MG/5ML - 150ML - FR,FRASCO,2027-06-11,False
d99cd13a-9d07-481c-9b58-c1743b586015,1564,2409892,AMOXICILINA 500MG - CAP,CÁPSULA,2028-06-05,False
bab3fe72-cc77-46ff-902a-7aa705979978,5516,3Z7330,"AMOXICILINA 50MG/ML+CLAVULANATO DE POTÁSSIO 12,5MG/ML - 75 ML - FR",FRASCO,2028-06-03,False
dd7d574d-0ebf-4606-a217-d07f32993d72,1601,4D9168,AMOXICILINA+CLAVULANATO DE POTÁSSIO 500MG+125MG - COMP,COMPRIMIDO,2028-06-06,False
a8b8aca7-65d3-42a2-9c8b-07f0557185a1,1226,9215314,AMPICILINA 1G - FA,FRASCO AMPOLA,2028-06-07,False
2a7ec830-2dc1-49b3-b9ed-50b160e40709,1229,EP0324024A,AMPICILINA 2G + SULBACTAM 1G - FA,FRASCO AMPOLA,2028-06-05,False
a521f188-e593-4448-8e59-41ad4dfe37f2,1280,50010591,ANFOTERICINA B 50MG - FA,FRASCO AMPOLA,2029-04-02,False
036772bb-a445-40f6-af2a-d88045abe861,5303,43710,ANFOTERICINA B LIPOSSOMAL 50MG - FR,FRASCO AMPOLA,2028-06-04,False
227a03ab-f6c6-4185-b98a-4fcd26327e9f,20323,A01624041,ANFOTERICINA COMPLEXO LIPÍDICO 5 MG/ML - FA,FRASCO AMPOLA,2029-06-03,False
257bd0ce-58fa-4c3a-b15d-ce9eb9182140,22187,GW8546,ANIDULAFUNGINA 100MG - AMP,AMPOLA,2027-06-10,False
09677eaa-e618-43b7-a1a6-f75776eeb891,1128,2323689,ANLODIPINO (BENSILATO) 10MG - COMP,COMPRIMIDO,2027-06-10,False
edc3249e-a5be-49e4-bd9e-da969f9fb10a,3930,2400904,ANLODIPINO (BENSILATO) 5MG - COMP,COMPRIMIDO,2028-06-01,False
d722cf8c-04fb-4bb6-aaad-e0caa3b746d0,7937,31003614,ARGIPRESSINA 20UI/ML - 1ML - AMP,AMPOLA,2028-04-02,False
7c9f524b-9889-4650-8890-3122759f7c98,7511,30902964,"ASPARTATO DE ORNITINA 0,6G - 5G - ENV",ENVELOPE,2028-06-03,False
d70f0aca-b500-4e2e-98ae-76bf42ef4a4c,1117,23D47X,ATENOLOL 50MG - COMP,COMPRIMIDO,2027-06-04,False
9826e80c-0ba2-4ac6-b39d-5fa9d7af3d27,20065,2309051,ATORVASTATINA CÁLCICA 40MG - COMP,COMPRIMIDO,2027-06-03,False
a123056d-8928-4e99-8309-2d35d8080c42,1124,AT24A006,"ATROPINA (SULFATO) 0,25MG/ML - AMP",AMPOLA,2027-06-12,False
f69b373d-cf09-4832-b2f2-45cb1606029a,3916,1247147,ATROPINA 10MG/ML - 5ML - FGO,FRASCO-GOTAS,2027-08-05,False
0aad05a8-79d9-481e-bc8b-bb5f719423a8,2761,22120313,AZATIOPRINA 50MG - COMP,COMPRIMIDO,2026-06-12,False
3362f261-9971-412d-a71f-5f1ec08d00af,5674,233163,AZITROMICINA 200MG/5ML - 15ML - FR,FRASCO,2027-06-05,False
cb9a2753-caa4-4a83-beea-9d258a6c9073,3929,232488,AZITROMICINA 500MG - COMP,COMPRIMIDO,2027-06-04,False
4a6ba2c8-e9dc-4eef-93b1-fac515e8e03f,4186,A0630009,AZITROMICINA 500MG - FA,FRASCO AMPOLA,2027-06-11,False
9a0d3f2b-2fef-496f-ab79-13ce42d91a29,3917,10245,AZTREONAM 1G - FA,FRASCO AMPOLA,2028-06-05,False
138efac1-227b-4d43-9e85-aaf1be9fbb0f,7780,22A15,AZUL DE METILENO 10MG/ML (1%) - 5ML - AMP - (MANIPULADO),AMPOLA,2027-05-08,False
6845b6b8-6f2d-430c-b15a-e39377236756,1604,75840001,BACLOFENO 10MG - COMP,COMPRIMIDO,2027-06-01,False
80076f84-d495-48f8-afb7-eb09dbcc7803,34204,1178050,"BECLOMETASONA (DIPROPRIONATO)100MCG + FORMOTEROL 6MCG+ GLICOPIRRÔNEO 12,5MCG - SOL. AEROSSOL - 120 DOSES ",FRASCO,2027-06-03,False
9db24d43-873a-4f2d-bc78-0ace30f99b4f,2114,12240039A,BECLOMETASONA 250MCG/DOSE - 200 DOSES - FR SPRAY ORAL,FRASCO,2027-06-12,False
4b0fab79-93d3-41ce-88b9-52a3c304915d,1318,1176069,BECLOMETASONA 400 MCG/ML - 2ML - FLAC,FLACONETE,2028-06-06,False
8a3e210f-31fd-4e54-88e5-30bf629d2b6c,1242,2505792,BENZILPENICILINA BENZATINA 1.200.000UI - FA,FRASCO AMPOLA,2027-06-10,False
a868e279-b45a-41a5-af1b-d097e74a3e1c,1246,24051316,BENZILPENICILINA POTÁSSICA (G CRISTALINA) 5.000.000UI - FA,FRASCO AMPOLA,2029-06-05,False
f872d3f4-12ec-40e5-a9cc-5b3a6d2c4b87,1247,23080079,BENZILPENICILINA PROCAINA 300.000UI + BENZILPENICILINA POTÁSSICA 100.000 UI - FA,FRASCO AMPOLA,2027-06-07,False
25baa976-22b7-47c0-9679-239eb509597b,1304,BSG,"BICARBONATO DE SÓDIO 8,4% - 10ML - AMP",AMPOLA,2028-06-04,False
e40c142e-c497-4772-9d67-c1a08fc11957,38754,24040888,"BICARBONATO DE SÓDIO 8,4% - 250 ML - FR",FRASCO,2028-06-04,False
7ca20300-a4ec-4a9a-96a6-be122e5b2f22,1160,B24B2285,BISACODIL 5MG - COMP,COMPRIMIDO,2028-04-02,False
7295235a-34af-45c5-a054-99689be38dab,14339,BR156251,BISOPROLOL 10MG - COMP,COMPRIMIDO,2028-06-04,False
b1bbe749-bd9e-4f36-a59c-4b263693d591,4498,2406644,CLORETO DE POTÁSSIO 600MG - DRÁGEA,COMPRIMIDO,2028-06-03,False
3ff7abef-3825-48fd-bcfa-d2388e705a6f,28055,10SM1248,BOLSA DE NUTRIÇÃO PARENTERAL INDUSTRIALIZADA 1400 KCAL A 1500 KCAL - ACESSO VENOSO CENTRAL OU ACESSO VENOSO PERIFÉRICO,BOLSA,2027-06-11,False
e3090b7f-812d-4e11-a77a-a49880d750cc,28054,10SI6649,BOLSA DE NUTRIÇÃO PARENTERAL INDUSTRIALIZADA 1700 A 1900 CAL - ACESSO VENOSO CENTRAL,BOLSA,2027-06-08,False
e976c9a2-cde8-458d-bf8a-799faa6d4db5,32215,10TC3670,BOLSA DE NUTRIÇÃO PARENTERAL INDUSTRIALIZADA 2200 CALORIAS - 1970ML ,BOLSA,2028-04-02,False
adedff5c-3220-48a6-bae9-65788c6b69b0,1164,23F45X,BROMOPRIDA 10MG - COMP,COMPRIMIDO,2027-06-06,False
54e21446-ecc9-4072-b715-bb73803c0705,40532,50012113,AMITRIPTILINA (CLORIDRATO) 10MG - COMP ,COMPRIMIDO,2028-06-03,True
e9506b36-84f9-45ff-aa60-63c62853c761,1445,24441677,AMITRIPTILINA (CLORIDRATO) 25MG - COMP,COMPRIMIDO,2026-06-11,True
c262fd49-c289-4b71-a8fe-57604aec2f9f,1446,50011409,BIPERIDENO (CLORIDRATO) 2MG - COMP,COMPRIMIDO,2029-06-03,True
897d2744-21da-4d2c-8816-6db39500d34e,5613,3W6235,BUPROPIONA (CLORIDRATO) 150MG - COMP,COMPRIMIDO,2027-06-12,True
101fc4b6-9ff3-4536-818a-94b29ab9eb35,1447,2400281,CARBAMAZEPINA 20 MG/ML (2%) - 100ML - FR,FRASCO,2028-06-01,True
4d2c2c44-1802-4035-812e-f9aae9ec350d,1448,1921739,CARBAMAZEPINA 200MG - COMP,COMPRIMIDO,2027-06-12,True
a845e801-12ba-4f9d-a86a-cef716ab025c,3918,31005133,CARBONATO DE LITIO 300MG - COMP,COMPRIMIDO,2028-06-06,True
c7368d87-cec7-4da6-b8f8-4659fad13510,5655,23C34Q,CITALOPRAM 20MG - COMP,COMPRIMIDO,2027-06-03,True
4663c18b-0e72-4f46-977e-35ca9279e138,2905,ERA00655,CLOBAZAM 10MG - COMP,COMPRIMIDO,2028-06-03,True
158d4297-694e-4f71-9f5f-8dbaad3ab997,1451,2308551,"CLONAZEPAM 2,5MG/ML - 20ML - FGO",FRASCO-GOTAS,2027-06-06,True
cf2443c8-2177-4a44-8ca2-6317cdef9466,7642,50012561,CLORIDRATO DE DEXTROCETAMINA (ESCETAMINA) 50MG/ML - 2ML - AMP,AMPOLA,2028-06-04,True
bfaa786a-39d4-4ae2-bb59-b82a58749f20,1453,2400858B,CLORPROMAZINA(CLORIDRATO) 5MG/ML- 5ML(25MG) - AMP,AMPOLA,2028-06-01,True
bdfc3141-3fbc-43a4-95ad-a87c5f8d0b3e,8831,907532,DEXMEDETOMIDINA (CLORIDRATO) 100MCG/ML - 2ML - FA,FRASCO AMPOLA,2028-06-03,True
6c8ec5ba-e70f-4f25-8917-bcde185d4e59,1463,9075084,DIAZEPAM 5 MG/ML - 2ML(10MG) - AMP,AMPOLA,2028-04-02,True
59ab5206-410f-4a7d-bdd8-9ddc05b7f799,1462,4A1968,DIAZEPAM 5MG - COMP,COMPRIMIDO,2028-04-02,True
fde922e6-7d73-4542-a1ca-3e0337251a30,1465,50013732,ETOMIDATO 2 MG/ML - 10ML(20MG) - AMP,AMPOLA,2028-06-05,True
c8cc711b-2f61-4fab-b5c0-10b78d0cd34e,1467,49023M,FENITOÍNA 100 MG - COMP,COMPRIMIDO,2027-04-02,True
d60d63db-85a9-434d-a78d-658ed77d1d24,1468,23110474,FENITOÍNA 50MG/ML - 5 ML(250MG) - AMP,AMPOLA,2027-06-11,True
10f762a7-0253-4dbb-958d-0ff556cfec48,1472,2400576,FENOBARBITAL40 MG/ML (4%) - 20 ML - FGO,FRASCO-GOTAS,2028-06-01,True
b61f18c1-4405-4ced-8d01-f860e28a7624,1455,50010407,FENTANILA (CITRATO) 50MCG /ML - 10 ML - AMP,AMPOLA,2029-06-01,True
137f5cab-5bf2-444f-9902-d8cf7274af47,1454,AS01224M,FENTANILA (CITRATO) 50MCG/ML - 2ML - AMP,AMPOLA,2028-06-03,True
44474211-83d9-4d4f-9f41-9acbfd4fff3f,1473,50012994,"FLUMAZENIL 0,1 MG/ML - 5ML(0,5MG) - AMP",AMPOLA,2028-06-04,True
dc1fdcb3-7d0c-44dd-8a0d-8928824b807f,8423,3R3301,FLUOXETINA (CLORIDRATO) 20 MG/ML - 20 ML - FGO,FRASCO-GOTAS,2028-06-08,True
f9387936-1f56-4743-a0a1-7b4bc10c0ba4,1671,25723584,FLUOXETINA (CLORIDRATO) 20MG - CAP,CÁPSULA,2028-04-02,True
304bb8f9-2a83-4d63-a7b9-af1dac31a1f2,4702,40202233,GABAPENTINA 300MG - CAP,COMPRIMIDO,2028-04-02,True
02ada948-335c-4829-a793-84edd352292c,1475,23010381,HALOPERIDOL 2MG/ML - 20 ML - FGO,FRASCO-GOTAS,2028-06-01,True
14f6b8fb-8cab-48b5-92f5-08d4c4ad9215,1477,23050663,HALOPERIDOL 5MG - COMP,COMPRIMIDO,2027-06-05,True
bc91ee03-e175-4cc4-b6b2-1efb5c30eaad,4501,23120249,LAMOTRIGINA 100MG - COMP,COMPRIMIDO,2028-06-12,True
91b7d878-19d9-4fda-8d0a-e1453bd65ce9,5456,BLGL23016,LAMOTRIGINA 25MG - COMP,COMPRIMIDO,2030-04-02,True
3d350913-642b-4fce-bc38-8d2bada61145,14266,BLGM23018,LAMOTRIGINA 50MG - COMP,COMPRIMIDO,2029-04-02,True
b2cbb78f-29cc-4a38-b7cf-6998566d14d3,26854,NR2626,LEVETIRACETAM 250MG - COMP,COMPRIMIDO,2027-06-12,True
55eeaa26-d3b1-47ed-816f-da88f9f1bdce,5040,2552152,LORAZEPAM 2MG - COMP,COMPRIMIDO,2027-06-10,True
1b1f4b9a-fbd8-4de9-a94c-e869a3ea32f3,7850,3U8106,MEMANTINA(CLORIDRATO) 10MG - COMP,COMPRIMIDO,2027-06-10,True
15850d9d-a731-4d83-9998-c692dc040bf4,5890,50015130,METADONA 10MG - COMP,COMPRIMIDO,2028-06-06,True
3b4123fe-431c-4fb9-bcdf-15a678bf4e6e,1485,AP08123M,MIDAZOLAM 1MG/ML - 5ML(5MG) - AMP,AMPOLA,2027-06-05,True
94181a7a-9c72-4cbc-91b6-e44b8bd6df75,1484,AP03324M,MIDAZOLAM 5MG/ML - 10ML (50 MG) - AMP,AMPOLA,2028-06-05,True
f77f8278-d7a1-4868-9568-df9caa1e6789,1486,2423886,MIDAZOLAM 5MG/ML - 3ML(15MG) - AMP,AMPOLA,2028-06-06,True
686686d9-c9e9-4efc-ab83-5a4499791974,20066,314742,MIRTAZAPINA 15MG - COMP,COMPRIMIDO,2027-06-04,True
a9ccd7cf-19d7-4cb6-b853-cb585fb53349,12219,23E580,MIRTAZAPINA 30MG - COMP,COMPRIMIDO,2027-06-03,True
fae3047f-aaa2-4a4d-8146-8157815b45e5,1493,50010943,MORFINA (SULFATO) 10MG/ML - 1ML - AMP,AMPOLA,2028-04-02,True
18c5ffad-e88c-473a-91a5-6e8fed8c689e,1489,50014033,MORFINA 10 MG - COMP,COMPRIMIDO,2028-06-05,True
43363b3a-506e-45f9-8cc8-b27d0c31476b,1492,23100683,"MORFINA(SULFATO) 0,2 MG/ML - 1 ML - AMP",AMPOLA,2027-06-10,True
4f3ee918-50c4-4b65-9e21-21c1ea4dc0c0,1487,BA00124,"NALOXONA (CLORIDRATO) 0,4MG/ML - 1ML - AMP",AMPOLA,2028-06-01,True
99c38109-d9ff-4990-978b-323dc482f06a,2109,4A1987,NITRAZEPAM 5MG - COMP,CÁPSULA,2029-06-03,True
0c9679e5-f4aa-4912-a092-32d423c05e44,7929,DFD0624A,NORTRIPTILINA (CLORIDRATO) 25 MG - COMP,COMPRIMIDO,2027-06-01,True
64a1225a-9b9d-4a9f-b556-6090d9f6d649,1488,2411552,PARACETAMOL500MG + CODEÍNA (FOSFATO) 30MG - COMP,COMPRIMIDO,2028-06-03,True
8c862ab9-bad2-4c29-b07a-fbc1d3e89250,16606,72200209,PREGABALINA 150MG - CAP,COMPRIMIDO,2027-06-09,True
f04710a3-4a30-4f3c-a03e-79174a53633a,37236,23070456,PREGABALINA 25MG - CAP,CÁPSULA,2027-06-07,True
7d21237c-b7ba-412f-bbac-e04520b5b242,21433,50013714,PROPOFOL 10MG/ML - 10ML - FA,FRASCO AMPOLA,2027-06-11,True
e5e120b2-42ef-465f-b6f7-c17cacecebaa,15445,M308438,QUETIAPINA 100MG (HEMIFUMARATO) - COMP,COMPRIMIDO,2028-06-09,True
acd26de2-36e9-4c01-81c4-2c39ea4c0975,8388,2411890,QUETIAPINA 25MG (HEMIFUMARATO) - COMP,COMPRIMIDO,2028-06-05,True
6f066d84-de45-4e81-b105-48930ddcd98d,5745,50016333,REMIFENTANILA (CLORIDRATO) 2MG - FA,FRASCO AMPOLA,2028-06-07,True
4d5464b6-49f2-4e73-87c2-df31c3f115b8,8596,24F28U,RISPERIDONA 1MG/ML - 30ML - FGO,FRASCO-GOTAS,2028-06-06,True
516c2ed9-f50e-4a37-bffe-558c63a950cc,5312,23100534,RISPERIDONA 2MG - COMP,COMPRIMIDO,2027-06-10,True
3d81b912-248a-4f23-9889-5e1ee444bcf0,1494,50016468,SEVOFLURANO 1ML/ML - 250 ML - FR,FRASCO,2028-06-07,True
6b5fbbe6-25da-446c-bb19-f42d71e70496,1495,50010646,SUFENTANILA 5 MCG/ML - 2 ML - AMP,AMPOLA,2028-04-02,True
9483fdf1-6708-4acc-88c6-7edb609689c4,1496,23050318,TIOPENTAL 500MG - FA,FRASCO AMPOLA,2027-06-05,True
3ff0450c-c836-453e-8c2a-5e268cbb0258,5899,3X6268,TOPIRAMATO 100MG - COMP,COMPRIMIDO,2027-06-12,True
3784c4e5-63fd-467b-981c-38e517f3aac0,12422,901193,TOPIRAMATO 25MG - COMP,COMPRIMIDO,2028-04-02,True
7a884f9e-a9cd-4496-b0f3-c9d5a15da637,8014,50014507,TRAMADOL (CLORIDRATO) 100MG/ML - 10ML - FGO,FRASCO-GOTAS,2029-06-05,True
a79b2b37-ef1e-4bf3-8a9d-49a48d66ccdd,1497,37124M,TRAMADOL (CLORIDRATO) 50 MG - CAP,CÁPSULA,2028-04-02,True
a7ee42b2-1f04-46c8-b06f-83292b51f690,1498,9069555,TRAMADOL (CLORIDRATO) 50MG/ML- 2 ML - AMP,AMPOLA,2028-06-05,True
52333b9b-cc07-4440-a815-6ed2e5f85aa1,2110,DRA06496,VIGABATRINA 500MG - COMP,COMPRIMIDO,2027-06-10,True
f7e82f33-c574-4bf5-a96c-a2260f879c19,2113,1227060,ÁCIDO VALPRÓICO 250MG/5ML - 100ML - FR,FRASCO,2028-01-09,True
a00a576c-7ddd-4a4f-b8c0-7373ce7c2faf,1444,1232538,ÁCIDO VALPRÓICO 500MG - COMP REVESTIDO,COMPRIMIDO,2026-07-06,True
d825dc37-50f0-4fb9-abce-cefba0cad41d,1238,24E0036,BROMOPRIDA 4MG/ML - 20ML - FGO,FRASCO-GOTAS,2028-06-05,False
2257cbac-71b9-4e77-b454-5b2a03b58ec2,1168,78SM5576,BROMOPRIDA 5MG/ML - 2ML (10MG) - AMP,AMPOLA,2025-06-12,False
eae6e0aa-e406-456d-9084-74744ab50804,1359,50012060,"BUPIVACAINA (CLORIDRATO) 5MG/ML (0,5%) - 4ML - AMP",AMPOLA,2029-06-03,False
499fd742-447c-4f7e-ae99-519dceaef60f,1356,24071664,"BUPIVACAÍNA(CLORIDRATO) 5MG/ML (0,5%) + GLICOSE 8% - 4ML - AMP",AMPOLA,2028-06-07,False
4bbe65cf-ae00-4665-9ab7-dc987494cc92,4756,S/L,CAFEÍNA ANIDRA 10MG/ML - 100ML - MANIPULADO - FR,FRASCO,2027-04-03,False
45f89b49-1d00-4503-9a62-d9499fcd130c,1139,2407595,CAPTOPRIL 25MG - COMP,COMPRIMIDO,2028-06-03,False
133bdbda-91e0-4a81-942f-ed25b3ef8fb5,1383,DRA04137,CARBONATO DE CÁLCIO 500MG - COMP,COMPRIMIDO,2027-06-05,False
c7078144-c0bc-426d-b03f-7bd86cbf9745,16851,B24G9296,CARBONATO DE CÁLCIO 600MG + VITAMINA D 400UI -COMP,COMPRIMIDO,2028-06-07,False
6f46ab75-2417-491e-a248-0036d5b22430,1824,3Z9364,"CARVEDILOL 3,125MG - COMP",COMPRIMIDO,2028-06-01,False
56b59865-4585-4784-a7a4-ce91988988fe,1825,40102688,"CARVEDILOL 6,25MG - COMP",COMPRIMIDO,2028-04-02,False
1049571b-dcbb-432f-a675-22d5de3df217,36041,261087,CARVÃO ATIVADO - PÓ ,GRAMAS,2029-08-04,False
090e8842-edf0-4148-b894-3c6fbb40a2f2,1527,2420776,CEFALEXINA 500MG - CAP,CÁPSULA,2028-06-05,False
1b54802e-5ec0-48f5-94b3-8f580d65d6c9,1322,28883095,CEFALEXINA 50MG/ML (250MG/5ML) - 60ML - FR,FRASCO,2028-06-03,False
a4b28b79-c2a0-457a-b18e-2c450bc0cf25,1251,210480C,CEFALOTINA 1G - FA,FRASCO AMPOLA,2026-06-12,False
b90fd342-ccf2-42b3-983e-93e9e384b0f0,1252,10140,CEFAZOLINA 1G - FA,FRASCO AMPOLA,2028-04-02,False
667f95fe-2310-4420-be85-45890dee9520,1253,111490C,CEFEPIMA 2G - FA,FRASCO AMPOLA,2028-06-03,False
6c1d6138-3b3c-4b40-aaae-79a0adfd033f,31968,23K04369,CEFTAZIDMINA 2000MG + AVIBACTAM 500MG - PÓ LIOF - IV - FA,FRASCO AMPOLA,2028-07-05,False
adab0d6d-837a-4e5a-80a9-d0e94e9f8547,36007,96260068,CEFTRIAXONA 1G IM (COM DILUENTE) - FA,FRASCO AMPOLA,2027-06-09,False
90ddbfc0-cadc-451b-a421-e79772649ab0,4447,837137A,CEFTRIAXONA 1G IM - FA,FRASCO AMPOLA,2027-04-02,False
f59d92d1-cc61-43a9-97be-de444e86f7f9,1666,111559C,CEFTRIAXONA 1G IV - FA,FRASCO AMPOLA,2028-06-05,False
16ca008e-896f-402a-b133-f330f2dd465b,1260,9800,CEFUROXIMA 750MG - FA,FRASCO AMPOLA,2027-04-02,False
6a4aae9b-fad0-4cc6-bc12-23b2130b4bf2,4996,898335,CETILPIRIDÍNIO 250ML - ENX BUC - FR,MILILITRO,2028-06-01,False
228484a6-591d-4e17-a266-9e4f7688b17b,4408,240102,CETOCONAZOL 20MG/G - 100ML - SHAMPOO - FR,FRASCO,2028-06-06,False
4e28beca-741f-436a-9e9d-f574133596dc,1289,12023,CETOCONAZOL 20MG/G - 30G - BIS,BISNAGA,2027-04-02,False
beb92641-c8a6-43ec-8c21-839a079eca66,32228,923666,CETOPROFENO 1MG/1ML - 100ML (100MG) - IV – BOLSA,BOLSA,2028-06-06,False
32e1a7a3-ff36-4e03-94c9-f69603e4dd26,1394,3V4810,CETOPROFENO 50MG - CAP,CÁPSULA,2027-06-07,False
8e0a78a8-6f2c-4b63-94f4-28a43e37e917,7267,99936,CIANOCOBALAMINA 5.000MCG + PIRIDOXINA 100MG + TIAMINA 100MG - AMP,AMPOLA,2027-06-10,False
930ff8c6-e76b-4408-a5e1-600b53fe315f,4215,913200,CILOSTAZOL 100MG - COMP,COMPRIMIDO,2027-06-10,False
5a427b94-e321-4f3b-b8a5-5a1d13caaa11,5610,30606383,CIPROFIBRATO 100MG - COMP,COMPRIMIDO,2027-06-07,False
dfcf8a99-0716-4953-a958-66170fb8b1a2,1421,23I02T,CIPROFLOXACINA 500MG - COMP,COMPRIMIDO,2027-06-08,False
44883e49-d77a-4ff6-8ffb-38061614612d,1309,4060221,CIPROFLOXACINO 200MG - INJETÁVEL - 100ML - BOLSA/FRASCO,UNIDADE,2027-05-06,False
13635fed-4916-40be-85f3-fc2a0c90d834,5556,240719,CIPROFLOXACINO 2MG + HIDROCORTISONA 10MG/ML - 5ML SOL. OTOLÓGICA - FGO,FRASCO-GOTAS,2028-06-04,False
f610d3b3-2f55-4c49-9533-738e61ca5c04,1202,50011049,CISATRACÚRIO 2MG/ML - 5 ML (10MG) - AMP,AMPOLA,2028-04-02,False
e3e68633-3fa1-40ad-82f6-a2ba0c859dd4,31431,27577,CITRATO DE CAFEÍNA 20MG/ML -1 ML - AMP,AMPOLA,2028-06-07,False
3e44e503-5d5f-4df6-b462-da5509a4d5de,37973,23030312,CITRATO DE POTÁSSIO 15MEQ - COMP,COMPRIMIDO,2027-06-03,False
305fbe84-e106-4c35-b134-4871ee5ff5ba,1269,AA03324,CLINDAMICINA 150MG/ML- 4 ML(600MG) - AMP,AMPOLA,2028-06-05,False
89d50185-d0a4-4574-806f-850b9f1a6266,2686,9684071,CLINDAMICINA 300MG - CÁPS,CÁPSULA,2027-06-12,False
ceeedcd2-ecfe-4d2c-bd25-3937fd8e3d3b,1140,236011,"CLONIDINA (CLORIDRATO) 0,1MG - COMP",COMPRIMIDO,2028-06-10,False
e61762b4-024f-4797-ae52-7b3c056f3b97,3086,78CT1152,CLONIDINA (CLORIDRATO) 150MCG/ML - 1ML - AMP,AMPOLA,2026-07-03,False
a4da2239-3898-48a7-80fb-9a384494252c,3908,M2303751,CLOPIDOGREL (BISULFATO) 75MG - COMP,COMPRIMIDO,2027-04-02,False
224cb813-25c4-4120-abea-b789a3b6814b,1301,RRU,"CLORETO DE POTÁSSIO 0,1G/ML- 10% - 10ML - AMP",AMPOLA,2028-06-04,False
a7b23080-371f-4e2d-a703-0a1d8e081809,29950,S/L,CLORETO DE POTÁSSIO 6% - 100ML - FR (MANIPULADO),FRASCO,2025-08-04,False
d9243f4e-f271-4ed7-a70e-58a9e6b3eb5d,1302,24C10192D,CLORETO DE SÓDIO 10MG/ML - (20%) - 10ML - AMP,AMPOLA,2028-04-02,False
d4aba58e-cda6-44c2-afea-2e7f0b565625,22751,740424,"CLOREXIDINA 0,12% - 250ML - FR",UNIDADE,2028-06-04,False
26736aca-9cb8-425d-bcac-a6601f166817,4126,2305991,"COLCHICINA 0,5MG - COMP",COMPRIMIDO,2027-06-05,False
0442850f-2ae9-4f4e-acfd-007da6499c7a,40127,S/L,COLECALCIFEROL (VITAMINA D) - 132 UI/GOTA - MANIPULADO - 10 ML - FGO,FRASCO-GOTAS,2025-02-01,False
f80a2303-0755-4d10-a618-ceb2157e8914,19146,B23M1566,COLECALCIFEROL (VITAMINA D) 50.000 UI - CAP,CÁPSULA,2027-06-11,False
872f131d-7d62-4c70-8f45-c60fecb6270c,37140,B24B0951,COLECALCIFEROL (VITAMINA D) 7.000 UI - CAPSULA ,CÁPSULA,2028-06-01,False
3eecd6aa-8bd0-4afb-814a-828389962f84,4267,3868,COLESTIRAMINA - ENV,ENVELOPE,2027-04-02,False
ca9b55d8-1215-466a-9361-587b76fb52e1,9254,16698497,CONTRASTE IODADO NÃO IÔNICO 300MG/ML - 100ML - FA,FRASCO AMPOLA,2027-07-12,False
189317f2-0ed2-4290-be69-3c449400ed5c,1224,24WC336B,CONTRASTE IODADO NÃO IÔNICO 300MG/ML- 50ML - FA,FRASCO AMPOLA,2029-06-03,False
564ba247-843e-47af-a620-c753af026de9,9253,KT0B2S4,CONTRASTE RADIOLÓGICO A BASE DE GADOLÍNIO - 10ML - FA,AMPOLA,2027-06-09,False
4a80b6aa-b878-45df-b364-30e143927c69,1466,23010927,DANTROLENO SÓDICO 20 MG - FA,FRASCO AMPOLA,2028-06-01,False
f34a1b5a-fb5b-40ac-ab9f-0d565c01cd18,34281,61001,DAPAGLIFLOZINA 10MG - COMP,COMPRIMIDO,2029-06-01,False
9f4ebbaa-ae3d-41a4-ab34-cd080d7cfe38,14150,R2300617,DAPTOMICINA 500MG - FA,FRASCO AMPOLA,2027-06-09,False
c18386d6-8254-47d1-b749-75a6c42b1851,1129,2300230,"DESLANOSÍDEO 0,2MG/ML - 2ML - (0,4MG) - AMP",AMPOLA,2027-06-01,False
e96745a0-a52e-4f65-bee3-a2eee1f1dc2d,3851,1154379,"DESMOPRESSINA(ACETATO) 0,1MG/ML - 2,5ML - FR SPRAY",SPRAY,2026-06-10,False
0bd23fb1-e958-45e8-ab03-a3a939808cfc,13958,77957,DEXAMETASONA 1 MG/ML - 5ML - SOL OFT - FGO,FRASCO-GOTAS,2028-06-05,False
5cdd675a-2824-4c0a-be06-62730bf79a54,1406,4F2702,DEXAMETASONA 4MG - COMP,COMPRIMIDO,2028-06-07,False
47048d90-57a5-48c3-9f81-286a26f62fa7,1187,DX24FO76,"DEXAMETASONA 4MG/ML - 2,5ML (10MG) - AMP",AMPOLA,2028-06-05,False
ab7c6424-0ccb-40c9-8836-7d0c7e4e3818,1410,2406312,DEXCLORFENIRAMINA (MALEATO) 2MG - COMP,COMPRIMIDO,2028-06-05,False
5f5b1898-e3f4-46c8-8aba-1ca0f621e473,1216,50014528,DIFENIDRAMINA(CLORIDRATO) 50MG/ML - 1ML - AMP,AMPOLA,2029-06-05,False
619fdfd3-b521-4b17-bbd3-ebaacf5e1f91,1115,2317295,"DIGOXINA 0,25MG - COMP",COMPRIMIDO,2027-06-05,False
b4f55451-de07-4498-9356-d131f197d890,5106,540762,DIMENIDRINATO 50MG+ PIRIDOXINA (CLORIDRATO) 10MG - COMP,COMPRIMIDO,2026-06-12,False
9d6f97ef-7022-43f3-8d91-111b4ea67976,6046,B23G2231,DIOSMINA 450MG + HESPERIDINA 50MG - COMP,COMPRIMIDO,2027-06-08,False
90983319-2a1d-4146-8658-62d56b699709,1378,3S8003,DIPIRONA 500MG - COMP,COMPRIMIDO,2027-06-08,False
6e097791-b848-488d-bf33-b9e9589ff9a5,1215,064556,DIPIRONA 500MG/ML - 20ML- FGO,FRASCO-GOTAS,2028-06-06,False
796452ef-2cd4-4e5e-8c74-f44e65917bf0,1345,DP24D062,DIPIRONA 500MG/ML - 2ML(1000MG) - AMP,AMPOLA,2028-06-03,False
633ac199-b533-45f5-94be-791b50112ace,1142,24030760,"DOBUTAMINA (CLORIDRATO) 12,5MG/ML - 20ML (250MG) - AMP",AMPOLA,2028-06-03,False
4b13855c-cce5-4cc3-b42a-668df3c32c18,27607,9PR2,DOLUTEGRAVIR SÓDICO 50 MG - COMP,COMPRIMIDO,2027-06-11,False
0f719aac-8b39-4f9e-bc16-5601eddd35cc,9952,3Z0581,DOMPERIDONA 10MG - COMP,COMPRIMIDO,2027-06-10,False
eb8729a5-a41f-4c72-a399-28e186eef6c4,1348,910024,DOMPERIDONA 1MG/ML - 100ML - FR,FRASCO,2028-06-04,False
956f89a5-7fd1-4b96-93ce-857bb1cb2167,1144,2316628,DOPAMINA (CLORIDRATO) 5MG/ML - 10 ML(50MG) - AMP,AMPOLA,2027-06-04,False
8adc1fe6-00e4-47b7-bed1-b9b2dd4b5622,8429,2317406,DOXAZOSINA (MESILATO) 2MG - COMP,COMPRIMIDO,2027-06-11,False
d3ee11b8-cb57-46d1-a80b-985cd04a5263,4110,241320,DOXICICLINA 100MG - COMP,COMPRIMIDO,2028-06-03,False
f6c3f449-2e48-4731-814d-e9f3a93e7986,1148,50011853,EFEDRINA(SULFATO) 50MG/ML - 1ML - AMP,AMPOLA,2028-06-03,False
7c7e8db2-69e6-4fa0-b807-9fe3a9a650e4,7885,2404418,ENALAPRIL (MALEATO) 20MG - COMP,COMPRIMIDO,2027-06-08,False
559ec556-7e37-4971-9de7-57c75227d75f,1193,A1FE210A2,"ENOXAPARINA SÓDICA 20MG/0,2ML 0,2 ML - SER",SERINGA,2027-06-11,False
d7ac15dd-89d2-4c01-a7e4-7148af633cdc,3777,A1A5310C,"ENOXAPARINA SÓDICA 40MG/0,4ML - 0,4ML - SER",SERINGA,2027-06-10,False
7ea9f8e9-de9d-446e-82ab-2518897a51e6,3778,A1FE110P,"ENOXAPARINA SÓDICA 60MG/0,6ML - 0,6ML - SER",SERINGA,2027-06-11,False
7b4d0dd6-a4d3-438f-8242-1ccf1166ebf7,3779,A1A2810E1,"ENOXAPARINA SÓDICA 80MG/0,8ML - 0,8ML - SER",SERINGA,2027-06-04,False
1091c671-a454-4e3b-afaa-9c6952041156,1141,24040937,EPINEFRINA 1MG/ML- 1ML - AMP,AMPOLA,2028-06-04,False
aa08280e-0d75-4929-85a0-08718198b8d0,11802,2316801,ERITROPOETINA 4.000UI - FA (COM DILUENTE DE 1ML A 3ML),FRASCO AMPOLA,2027-06-08,False
6850b12b-55d5-434f-a53f-a993a03486b2,7977,114123J05761,ERTAPENEM SÓDICO 1G - FA,FRASCO AMPOLA,2027-06-10,False
6a0cc97b-b05d-4345-8505-563afe1b88a1,1163,24071508,ESCOPOLAMINA (BUTILBROMETO) 20MG/ML - 1ML - AMP,AMPOLA,2028-06-07,False
9cf00cbe-18a7-4060-a7fe-8fcb736f752f,1165,24070878,ESCOPOLAMINA (BUTILBROMETO) 4MG/ML + DIPIRONA 500MG/ML - 5ML - AMP,AMPOLA,2028-06-07,False
bfed5093-98bd-4b43-9525-c28fbea9ec23,1237,113082,"ESCOPOLAMINA (BUTILBROMETO) 6,67MG/ML+DIPIRONA 333,4MG/ML - 20ML- FGO",FRASCO-GOTAS,2027-06-11,False
f35dfb4e-a558-49aa-8443-8bd773f5106c,13749,60024,ESCOPOLAMINA (BUTILBROMETO)10MG/ML - 20ML - FGO,FRASCO-GOTAS,2028-06-04,False
92393719-26f3-487e-a97c-3589535017d7,31529,PTF0235A,ESOMEPRAZOL MAGNÉSICO - 20MG - COMP (DISPERSÍVEL VIA ORAL E SNE),COMPRIMIDO,2027-06-11,False
4d6c2e45-4715-40ca-8dcf-36f54a88a843,1384,8624M,ESPIRONOLACTONA 100MG - COMP,COMPRIMIDO,2027-06-12,False
21320245-01d9-440d-ba1a-3761fd8b7930,1385,2403965,ESPIRONOLACTONA 25MG - COMP,COMPRIMIDO,2028-06-04,False
9adcb72b-55db-4204-b543-7124b9bc0997,7685,130924,ESPIRONOLACTONA 4MG/ML - 100ML - MANIPULADO - FR,FRASCO,2025-12-03,False
6b289d78-1de0-435c-8543-e0868c231343,1425,240213V,ETAMBUTOL (DICLORIDRATO) 400MG - COMP,COMPRIMIDO,2028-06-05,False
83a147eb-763e-469b-8b9c-7a6e1111cccb,1151,2404996,ETILEFRINA (CLORIDRATO) 10MG/ML- 1ML - AMP,AMPOLA,2028-04-02,False
a8a18d18-0560-40f7-9813-20b1b1fceec3,32069,70F10,FENILEFRINA (CLORIDRATO) 10% (MANIPULADO) - 5ML - FGO,FRASCO-GOTAS,2025-02-05,False
0cae10ed-0458-45c5-9964-e0078ea12be3,2221,24031783,FILGRASTIM 300MCG/ML -1ML - FA,FRASCO AMPOLA,2028-04-02,False
bed7e199-0354-4958-b3a9-513cd674697e,5453,2406885,FINASTERIDA 5MG - COMP,COMPRIMIDO,2028-04-02,False
a0041925-3ed9-4fe9-829d-04d3884891b9,1179,AU00224,FITOMENADIONA (VITAMINA K) 10MG/ML - 1ML - IM - AMP,AMPOLA,2028-06-06,False
87cb625b-0b88-4a82-b79f-51b34cb4166c,1533,80542,FLUCONAZOL 150MG - CAPS,CÁPSULA,2027-06-07,False
713c294d-b916-4f9e-a6c3-6702d22208f0,1281,50014297,FLUCONAZOL 2MG/ML - 100ML(200MG) - IV - BOLSA,BOLSA,2028-06-05,False
a00cca78-7298-4286-8971-304a6821411a,4726,3003361D00,FORMOTEROL (FUMARATO) 6MCG + BUDESONIDA 200MCG - 120 DOSES - FR SPR,FRASCO,2027-06-12,False
25bc9c6f-7daa-41aa-8739-52f0f5ae49cc,6067,24060056,FOSFATO DE POTÁSSIO 2MEQ/ML - 10ML - AMP,AMPOLA,2027-10-06,False
4e9d614c-23a3-489c-adfc-d3acf32ca3dc,36370,22100850,FOSFATO DE SÓDIO MONOBÁSICO MONOIDRATADO 160 MG/ML + FOSFATO DE SÓDIO DIBÁSICO HEPTAIDRATADO 60 MG/ML - 130ML - FR,FRASCO,2026-06-10,False
27247ca3-5715-402c-bbfa-ede047b00e2e,1615,FAB081024,FOSFATO TRICÁLCIO: CÁLCIO QUELATO 32MG/ML + FÓSFORO QUELATO 21MG/ML - 250ML - FR,FRASCO,2025-07-04,False
91039a60-cad0-4d13-a13d-94dc46ff085e,28635,388281A,"FOSFOMICINA TROMETAMOL 5,631G (EQUIVALENTE A 3G DE FOSFOMICINA )- ENV - 8G",ENVELOPE,2027-07-12,False
bf4ba76b-008c-4ac3-8d03-58ad6e2efeaf,1182,20204124,FUROSEMIDA 10MG/ML - 2 ML - AMP,AMPOLA,2028-06-08,False
ee057b37-7694-4c84-b657-858b69b90c7d,7686,S/L,FUROSEMIDA 1MG/ML - 100ML - MANIPULADO - FRASCO,FRASCO,2025-03-03,False
d3733d2a-3c94-4f50-a787-ad7e51ed1c56,1386,2310687,FUROSEMIDA 40MG - COMP,COMPRIMIDO,2027-06-08,False
d5881b62-bbd8-41bf-a7ff-03270bee7b1f,21704,187337,GANCICLOVIR 1MG/ML - 250 ML - BOLSA,BOLSA,2028-02-01,False
31f26f9f-ce49-414b-8a2b-2fbf2f3c2818,1267,785I4118,GENTAMICINA (SULFATO) 40MG/ML - 2 ML(80MG) - AMP,AMPOLA,2026-01-09,False
f3fd719e-7ddc-4b17-aa63-e35b979a5783,1401,B23A3643,GLIBENCLAMIDA 5MG - COMP,COMPRIMIDO,2027-06-03,False
23c30881-d816-483b-b557-b3ca31e847be,1306,GHZ,GLICOSE 50% - 10ML - AMP,AMPOLA,2028-06-04,False
2d5ec34c-0c87-4fc3-b57a-ad2c9b805b50,1303,4060288,GLUCONATO DE CÁLCIO 10% 10ML - AMP,AMPOLA,2027-08-06,False
f9563212-3efc-4054-abb3-f1678f74e2f9,30757,2316694,"GLUCONATO DE ZINCO 2MG/0,5ML - 75ML - SOL. ORAL - FR",FRASCO,2028-06-11,False
5aa04e39-8016-4fc7-b418-5309b6c45eff,1152,AB07023M,HEMITARTARATO NOREPINEFRINA 2MG/ML (NORAEPINEFRINA BASE 1MG/ML) - 4ML - AMP,AMPOLA,2027-06-04,False
6df6a620-de11-413a-b9eb-f6721501d850,1192,23120667,HEPARINA SÓDICA SUÍNA - 5000UI/ML - 5 ML (25000UI) - IV - FA,FRASCO AMPOLA,2025-12-12,False
fbe9666f-068d-4754-94d4-ad09f895b851,1191,50012187,"HEPARINA SÓDICA SUÍNA 5000UI/0,25ML - 0,25ML - SC - AMP",AMPOLA,2028-06-03,False
621b84cd-e26e-4df0-b08a-aa940b12f662,1531,50011743,HIDRALAZINA (CLORIDRATO) 20MG/ML- 1ML - AMP,AMPOLA,2027-06-09,False
742553b1-24dc-4836-9cd3-58b5a6baf811,1584,2425034,HIDRALAZINA (CLORIDRATO) 25MG - COMP,COMPRIMIDO,2028-06-04,False
d4b5b6bc-f799-4fff-b75e-0de99ea313e5,1145,2417457,HIDRALAZINA (CLORIDRATO) 50MG - COMP,COMPRIMIDO,2027-06-09,False
62ee9bd4-c64a-4f3e-8866-3d0cfa4c0ed2,3921,2325418,HIDROCLOROTIAZIDA 25MG - COMP,COMPRIMIDO,2027-06-10,False
b679b3fe-658e-4693-ab47-4c69213b2f20,7687,FAB081024,HIDROCLOROTIAZIDA 5MG/ML - 100ML - MANIPULADO - FR,FRASCO,2025-07-04,False
eea48d26-483a-46b1-a037-4b4b6e829fbc,1184,2411232,HIDROCORTISONA (SUCCINATO SÓDICO) 500MG - FA,FRASCO AMPOLA,2028-06-03,False
7865d8c2-f471-455f-a8c1-dd07039c8f45,1183,2402720B,HIDROCORTISONA(SUCCINATO SÓDICO) 100MG - FA,FRASCO AMPOLA,2028-06-01,False
27d95ebd-d8cf-40f5-b924-7f0967e7dc0b,11607,865334,HIDROXICLOROQUINA (SULFATO) 400MG - COMP,COMPRIMIDO,2027-06-06,False
6ade3e8e-aa32-40ef-97ee-ca645dca742e,3898,3J1328,HIDROXIURÉIA 500MG - CAP,CÁPSULA,2027-06-03,False
4d6fe546-d2ba-415c-bbf1-815e646c203c,1412,400098,HIDROXIZINA (CLORIDRATO) 25MG - COMP,COMPRIMIDO,2028-06-05,False
794fed52-fcf3-4680-bd66-e5c84e1ec36b,2509,4E4290,HIDROXIZINA (CLORIDRATO) 2MG/ML - 120ML - FR,FRASCO,2028-06-06,False
8bb24a46-3a6e-41c1-a014-122adc2083c0,3872,50015016,HIPROMELOSE 3MG/ML +DEXTRANA 1MG/ML - 15ML - SOL OFT - FGO,FRASCO-GOTAS,2028-06-06,False
434ec81f-5335-4421-ab94-816a46094d30,17568,23865,IBUPROFENO 50MG/ML - 30ML - FGO,FRASCO-GOTAS,2028-06-01,False
94b7f975-fc54-476c-9dc7-0b181113ad1b,1828,K343B8441,IMUNOGLOBULINA HUMANA 5G - 5% -100ML - FA,FRASCO AMPOLA,2027-06-09,False
923fb957-d586-44a7-aa76-a1069f7c15e8,1210,PT6CT19,INSULINA HUMANA NPH - 100UI/ML - 10 ML - FA,FRASCO AMPOLA,2028-07-01,False
b5d03841-95be-4f62-8860-87b3c673651d,1214,PT6DM52,INSULINA HUMANA REGULAR 100UI/ML - 10ML - FA,FRASCO AMPOLA,2028-06-03,False
e8aa9950-6ae7-42e1-90b4-bcf40b0e8396,1223,34924,"IPRATRÓPIO (BROMETO) 0,25MG/ML - 20 ML - FGO",FRASCO-GOTAS,2028-04-02,False
92de91aa-2081-403a-819c-f8f046cf4206,33781,23050778,ISONIAZIDA 300 MG CP,COMPRIMIDO,2027-06-05,False
c6d2b25e-0b81-4d9f-a7aa-601051fe4ca7,4181,4E9652,ISOSSORBIDA (DINITRATO) 5MG - SL - COMP,COMPRIMIDO,2028-06-06,False
8ae80336-0735-49ac-8e6a-1bbe77d0013a,1133,2401036,ISOSSORBIDA (MONONITRATO) 20MG - COMP,COMPRIMIDO,2027-06-12,False
08cb5128-1737-4640-87f1-0e1bff5e69fc,20128,3022668,IVABRADINA 5 MG - COMP,COMPRIMIDO,2028-06-08,False
382f8ef6-e132-4f85-9217-b19ec3f40079,1525,329902,IVERMECTINA 6MG - COMP,COMPRIMIDO,2028-06-03,False
7f4a1ef1-8353-4fd6-9d71-29292aa8af12,40440,160924,L CARNITINA 50 MG/ML ( MANIPULADO) - 500 ML,FRASCO,2026-03-03,False
cc30ce15-df01-452f-8049-9fab98a95999,1235,1229648,LACTULOSE 667MG - 120ML - XPE - FR,FRASCO,2026-08-01,False
11a35684-b14b-4d57-8b3f-2ecb73e7a2d7,13473,R1108R01,LEVODOPA 100MG + BENSERAZIDA (CLORIDRATO) 25MG - COMP,COMPRIMIDO,2028-06-11,False
d1ea8844-5116-47bf-840a-115a07e2aeb5,7867,2314994,LEVODROPROPIZINA 6MG/ML -120ML - FR,FRASCO,2027-06-10,False
5e9c3665-b808-4bcc-8069-39302bba2913,2721,2412655,LEVOFLOXACINO 500MG - COMP,COMPRIMIDO,2028-06-05,False
c00b4d55-08de-4c4a-85ae-655a2e71c7d5,14356,3120434,LEVOFLOXACINO 5MG/ML - 100ML- BOL,BOLSA,2027-03-12,False
2147b679-7633-4c68-bdf9-5c4801cff9c5,3864,BR168400,LEVOTIROXINA SÓDICA 25MCG - COMP,COMPRIMIDO,2028-06-04,False
f5254e0c-70d8-4ba6-9f50-5e578a340c83,1647,BR168402,LEVOTIROXINA SÓDICA 50MCG - COMP,COMPRIMIDO,2028-06-04,False
53f5d54d-9fb0-4915-ad3c-5616fb1061de,1200,B24F0847,LIDOCAINA (CLORIDRATO) 20MG/G - 2% - 30G- BIS,BISNAGA,2028-06-06,False
88ab5f71-6f77-4425-b869-0723b6fac820,1361,24071839,LIDOCAINA (CLORIDRATO) 20MG/ML - 2% (COM VASOCONSTRICTOR) - 20ML - FA,FRASCO AMPOLA,2028-06-07,False
6f31cebf-6dff-4cb0-b30e-6e0e4b046bb2,1360,LL05324,LIDOCAINA (CLORIDRATO) 20MG/ML - 2% (SEM VASOCONSTRICTOR) - 20ML - FA,FRASCO AMPOLA,2028-04-02,False
e96b8935-8ce4-4896-9f29-e7889d2be21a,1669,24061565,LIDOCAINA (CLORIDRATO) 20MG/ML - 2% (SEM VASOCONSTRICTOR) - 5ML - FA,AMPOLA,2028-06-06,False
378ae6ed-b71b-493a-abeb-66e8ed9e9082,4183,22111499,LINEZOLIDA 2MG/ML - 300 ML - BOLSA,BOLSA,2026-06-11,False
14938b73-5c40-4482-b614-2456b522a5b5,1658,26504523,LOPERAMIDA 2MG - COMP,COMPRIMIDO,2027-06-09,False
c67c718f-07cb-4b55-843c-31e64e7f0010,1411,2318826,LORATADINA 10MG - COMP,COMPRIMIDO,2027-06-07,False
4ed6dbe3-8679-479f-a601-84892b72cab0,1320,2413105,LORATADINA 1MG/ML - 100ML - FR,FRASCO,2028-06-06,False
4bf34ca8-0e94-4cc4-b6a3-c5db42a9f897,4511,2317633,LOSARTANA POTÁSSICA 50MG - COMP,COMPRIMIDO,2028-06-01,False
0e8493d6-4dbb-40c4-af1b-76ec3c67a26a,36603,548140,MACROGOL 3350 - 17G - SACHE ,SACHÊ,2028-06-08,False
8b14841d-bc4b-468e-8b50-36bfd33b8459,4579,111523J05344,MEROPENEM 1G - FA,FRASCO AMPOLA,2027-06-09,False
c84da2aa-58e5-4a7c-b214-44ea0da3450e,6088,U15173A,MESALAZINA 500MG - COMP,COMPRIMIDO,2027-06-05,False
9e58b1d5-863a-4ec6-9036-9c994b6a0bd9,4415,554471,MESALAZINA 500MG - SUP,SUPOSITÓRIO ,2027-06-11,False
8af829ee-ea70-494c-ac56-46d42090fbcf,4102,26471471,METFORMINA (CLORIDRATO) 500MG - COMP,COMPRIMIDO,2028-04-02,False
7c2a8e6d-bb2d-448f-8090-faf08a5332ad,1150,303059,METILDOPA 500 MG - COMP,COMPRIMIDO,2027-06-06,False
617f0566-c90a-490a-89ad-f527deffe33a,1185,24021411,METILPREDNISOLONA 125MG - FA,FRASCO AMPOLA,2028-04-02,False
2902446c-5741-48a1-9c48-b0a04e940d95,1162,19724M,METOCLOPRAMIDA (CLORIDRATO) 10MG - COMP,COMPRIMIDO,2028-04-02,False
31545e18-e9cd-406a-9e09-7980cec87dfd,1169,MT24E026,METOCLOPRAMIDA (CLORIDRATO) 5MG/ML - 2ML (10MG) - AMP,AMPOLA,2028-06-04,False
a39e6da7-c69b-4666-9709-75587e15f2a2,7778,M2403462,METOPROLOL (SUCCINATO) 25MG - COMP,COMPRIMIDO,2028-04-02,False
c7b87d46-2d48-4a23-a948-69ebec0308a6,9586,50011747,METOPROLOL (TARTARATO) 1MG/ML 5ML (5MG) - AMP,AMPOLA,2028-06-03,False
b4884f8c-7f28-453b-a078-d1b08e5432b6,4251,95491,"METOTREXATO 2,5MG - COMP",COMPRIMIDO,2027-06-08,False
30599e3c-365e-42a0-8c99-fc9213afcabf,28183,4C0248,METRONIDAZOL (BENZOIL) 40MG/ML (25MG/ML DE METRONIDAZOL) - 120 ML - FR,FRASCO,2028-06-05,False
5bc7773d-13d7-43a2-b3f1-7df13118a588,1437,4B8591,METRONIDAZOL 250MG - COMP,COMPRIMIDO,2028-04-02,False
f843e39e-9aa2-47a3-abb5-f9dd57de070a,1279,4060380,METRONIDAZOL 5MG/1ML - 100ML - BOLSA/FRASCO,BOLSA FRASCO,2028-03-06,False
d33067ae-c876-4c68-8f9a-f6dccb793c82,14713,30000,MICAFUNGINA 50MG - FA,FRASCO AMPOLA,2028-06-08,False
7062ac0f-ec18-4c71-a4e8-6547e7058dba,1489000,50014033,MORFINA 10 MG - COMP,COMPRIMIDO,2028-06-05,False
244d776f-bec1-41f9-8a70-9f1c1c1e0528,4868,2217725,MOXIFLOXACINO (CLORIDRATO) 5MG/ML - 5ML - SOL OFT - FGO,FRASCO-GOTAS,2026-06-12,False
fbd3a201-8881-4a64-be02-f0c1579af016,40542,X260KE,NAPROXENO 275 MG - COMP,COMPRIMIDO,2029-06-12,False
33d706a2-5c6c-4c03-b5fc-5a785d65a64e,1314,23B03M,NEOMICINA (SULFATO) 5MG/G + BACITRACINA 250 UI/G - 10G - BIS,BISNAGA,2027-04-02,False
e410e7fa-e269-4f08-84e5-31cc7259f11f,1208,2334622,"NEOSTIGMINE (METILSULFAT0) 0,5MG/ML - 1ML - AMP",AMPOLA,2027-06-08,False
fca3e74c-ca3f-4212-9dd2-0493a933a7ff,18320,692200,NICOTINA 14MG - ADES TRANS,ENVELOPE,2028-06-12,False
f4a5ce86-08c3-4fd4-b2aa-902a4e5baaff,3886,B22E0045,NIFEDIPINO 10MG - COMP,COMPRIMIDO,2027-06-05,False
68782ace-2f94-4bd5-8224-dc1b47262fb7,37945,FAB300724,NIMODIPINO 30MG (MANIPULADO) - CAP,CÁPSULA,2027-03-01,False
3c8e5efd-f7af-4990-9087-7c568df797d6,5216,B23D0926,NISTATINA 100.000UI/G + OXIDO DE ZINCO 200MG/G - 60G -BIS,BISNAGA,2027-06-05,False
c2c360cb-8041-4296-bf56-273eca5ac140,1298,24F815,NISTATINA 100.000UI/ML - 50ML - FR,FRASCO,2027-06-11,False
41def4db-c06e-47f5-9957-96cbf512e843,4550,6115310,NITROFURANTOINA 100MG - CAP,COMPRIMIDO,2028-06-01,False
ec1b6ba0-8b43-4630-a004-ba60019c8d03,35228,50014577,NITROGLICERINA 5MG/ML - 5ML - AMP,AMPOLA,2028-06-05,False
7a0f807f-b744-4aba-81fc-b0f0d0405ba0,1154,50011215,NITROPRUSSETO DE SÓDIO 25MG/ML - 2ML - FA,AMPOLA,2027-06-08,False
987e9887-f02f-4cf8-aff6-920cd7daa6cd,4557,HAF1448A,"OCTREOTIDA 0,1MG/ML - 1ML - AMP",AMPOLA,2028-06-06,False
b5f78be9-6090-4291-b042-7645c9a422e7,1550,5,OLEATO DE MONOETANOLAMINA 50MG/ML - 2ML - AMP,AMPOLA,2026-06-12,False
98811fc4-640b-495f-81be-abfec6366efe,1236,M36336,OLEO MINERAL 100% - 100ML - FR,FRASCO,2027-06-11,False
bd012540-edab-43d1-b887-47d1318cf1bc,1166,14182,OMEPRAZOL 20 MG - CAP,CÁPSULA,2028-06-01,False
89fb9a30-4f86-43f9-a0a0-8703cb908b86,1335,2436462,OMEPRAZOL 40MG - FA,FRASCO AMPOLA,2028-06-09,False
df78da08-cc6f-4027-8e72-d2c659ee7d6f,4118,50012874,ONDANSETRONA(CLORIDRATO) 2MG/ML - 2ML - AMP,AMPOLA,2028-06-04,False
f445abcf-c165-490b-80f0-aaf1beb8059c,7732,24010024,OSELTAMIVIR (FOSFATO) 45MG - CAP,CÁPSULA,2028-06-01,False
98e50459-5c48-40db-af77-abbc25279bc8,7488,23071192,OSELTAMIVIR (FOSFATO) 75MG - CAP,CÁPSULA,2027-06-07,False
e74b86eb-10aa-4d0a-96ae-288000f60988,1248,24020603,OXACILINA SÓDICA 500MG - FA,FRASCO AMPOLA,2028-04-02,False
e16edf27-38aa-4321-a594-88cb06c8918e,5038,24020034,OXIBUTININA 5MG - COMP,COMPRIMIDO,2028-04-02,False
28363cf3-cc74-464e-bb2d-45063ae409f5,7388,23060572,PAMIDRONATO 90MG - FA,FRASCO AMPOLA,2027-06-06,False
40ea46e8-8ab9-4ada-851c-a2d90b0f7c95,14328,1205571,PANCREATINA 25.000UI - CAP,CÁPSULA,2025-04-03,False
4370800f-9573-45fa-861f-f6f8c7d02bea,29756,130924,PAPAÍNA 2% - 200G - GEL - POTE - MANIPULADO,POTE,2025-11-03,False
dceaa8cd-bbf8-4caa-9e43-c6cc31247251,28468,S/L,PAPAÍNA 20% + URÉIA 5% - 100G - GEL - MANIPULADO - POTE,POTE,2025-03-03,False
95e8eb26-109e-46d7-9859-8a0e599f0c46,1218,2317520,PARACETAMOL 200MG/ML - 15 ML - FGO,FRASCO,2027-06-12,False
c8575c89-ed62-4754-a087-8d1f834ceb94,1752,30934,PARACETAMOL 750MG - COMP,COMPRIMIDO,2027-06-03,False
0405cb3f-8cfc-42d8-947b-5032e0dd88cb,1295,240191,PERMETRINA 50MG/ML (5%) - 60ML - FR,FRASCO,2028-06-03,False
c3da89a3-aad9-4861-adef-9074d81e41f7,4049,230610,PERMETRINA10MG/ML (1%) - 60ML - FR,FRASCO,2027-06-08,False
471a182c-d09b-480c-bdda-ebee15ceb368,35014,249815,"PICOSSULFATO DE SÓDIO 7,5MG/ML - 30ML - FGO",FRASCO-GOTAS,2028-06-01,False
95e09c90-03d7-404f-a0d6-4f7c8c3d9e82,1560,2312038,"PIPERACILINA SÓDICA + TAZOBACTAMA 4,5G - FA",FRASCO AMPOLA,2027-06-11,False
ec1ee5db-6a7c-4ef7-a126-2e465510e2f5,34534,S/L,PIRIDOXINA (VITAMINA B6) 40MG - COMP - MANIPULADO,COMPRIMIDO,2025-10-12,False
f8109d4c-3aec-40c9-85b5-6b3881cb5846,2902,221432,PIRIMETAMINA 25MG - COMP,COMPRIMIDO,2029-06-06,False
edcbd3bb-15ae-425a-bcfd-f9caf598e423,7234,38P3A,POLIDOCANOL 3% - 2ML - (MANIPULADO) - AMP ,AMPOLA,2025-10-03,False
d5334f10-4f67-49ef-b715-e53cf336ffd6,1270,869058,"POLIESTIRENOSSULFONATO DE CÁLCIO 900MG/G (3,3MEQ) - 30G - ENV",ENVELOPE,2028-06-08,False
3d2f014c-843f-4924-a03d-e440f2359a77,1661,916125,POLIMIXINA B (SULFATO) 500.000UI - FA,FRASCO AMPOLA,2027-04-05,False
bb08f1f6-1f65-49ac-b2d8-1f37e4079ce6,33211,110992C,POLIMIXINA E (COLISTIMETATO DE SODIO) 2.000.000UI - FA,FRASCO AMPOLA,2027-06-07,False
d7389fed-14cc-421d-9d2a-2e681023d8e0,7838,LE23C044,POLIVITAMÍNICO PARA NPT - 5ML - AMP,AMPOLA,2027-06-05,False
449b0e5c-fcc1-449b-954d-8fc38a757212,6118,22101396,PRAZIQUANTEL 600MG - COMP,COMPRIMIDO,2026-06-10,False
38424185-360d-484b-a548-f531293c5a88,5034,16523,PREDNISOLONA(FOSFATO DISSÓDICO) 3MG/ML- 120ML - FR,FRASCO,2027-06-01,False
7b189626-0a71-455e-8f25-baa3574fa28e,1409,122323M,PREDNISONA 20MG - COMP,COMPRIMIDO,2027-06-07,False
eaa5e5f5-c522-4d1f-b910-73a72a6ff65b,1408,23030056,PREDNISONA 5MG - COMP,COMPRIMIDO,2028-06-03,False
7b8180e5-50c2-4c1a-b23a-0385b6da4e85,37835,3M9315,PREGABALINA 35MG - CAP,CÁPSULA,2027-06-05,False
36a02ae0-9041-405e-8eda-cd08502cffe8,1414,22120184,PROMETAZINA 25MG - COMP,COMPRIMIDO,2026-06-12,False
580c7017-aad3-4717-bc8a-6858f5b8113d,1341,50017554,PROMETAZINA 25MG/ML- 2ML - AMP,AMPOLA,2028-06-08,False
1d0518a2-ffcc-4250-813c-60e7374b0475,3937,230154,PROPATILNITRATO 10MG - COMP,COMPRIMIDO,2027-06-01,False
eac8bebb-45ca-46b9-804e-0c7772174727,1403,40400734,PROPILTIOURACIL 100MG - COMP,COMPRIMIDO,2028-06-06,False
81c7dfe2-bec5-4414-8695-669b70716ddc,1381,235343,PROPRANOLOL(CLORIDRATO) 40MG - COMP,COMPRIMIDO,2027-06-08,False
6174846b-63fc-4b77-8ced-0181bed5dde6,1342,2304156D,PROTAMINA 10MG/ML - 5ML – AMP,AMPOLA,2028-06-01,False
cb3258ea-3215-4ecf-88ee-6c62eb46364b,7711,2407425,RACECADOTRILA 100MG - CAP,CÁPSULA,2028-06-05,False
c7fa5aa7-250d-44d4-b017-0fdbeb648f30,4094,23100290,"RETINOL + AMINOÁCIDOS + METIONINA + CLORANFENICOL 3,5G - POMADA OFTÁLMICA - BIS",BISNAGA,2027-06-10,False
0302eba6-b29f-43e2-a3c4-99e2e78b73b8,7554,A306324,RIFAMPICINA 150MG + ISONIAZIDA 75MG + PIRAZINAMIDA 400MG + ETAMBUTOL 275MG - COMP,COMPRIMIDO,2027-06-01,False
f000f4ff-39bc-4e1e-9110-c765a2fcf351,17420,NRH2354A,RIFAMPICINA 150MG + ISONIAZIDA 75MG - CAP,CÁPSULA,2028-06-05,False
233bbc21-c337-4987-bac5-6d07e69ebddb,1420,ERE423001A,RIFAMPICINA 300MG - CAP,CÁPSULA,2026-06-12,False
99536f16-1d3e-4b13-b0ef-feab3438a4d2,31301,NRU2254D,RIFAMPICINA 75MG + ISONIAZIDA 50MG + PIRAZINAMIDA 150MG - COMP,COMPRIMIDO,2026-06-11,False
993d69b5-73b5-470c-a7d7-9a75006d4afd,34842,2J1352,RIFAPENTINA 150 MG - COMPRIMIDO,COMPRIMIDO,2027-06-04,False
8e396aa3-458f-48b7-98e1-629d41a39969,20652,3W65456,RIVAROXABANA 15 MG - COMP,COMPRIMIDO,2027-07-12,False
bfa2370f-b278-478f-a1b1-30ae3686469d,14459,909704,RIVAROXABANA 20MG - COMP,COMPRIMIDO,2028-06-03,False
7b9eeb96-43e9-4b47-8d0b-83c8ad544bf7,11625,23070073,ROCURÔNIO (BROMETO) 10MG/ML - 5 ML - AMP,FRASCO AMPOLA,2027-06-07,False
59b6deca-476a-4859-94a6-37150a4a5ba5,1366,50015173,ROPIVACAÍNA(CLORIDRATO) 10MG/ML - 20ML - AMP/FA,AMPOLA,2029-06-06,False
1bf1e68c-7272-43d2-b7ec-c8520e197aa8,22584,4B0302,SACCHAROMYCES BOULARDII 17- 100MG - CÁP,CÁPSULA,2028-06-04,False
cb524306-e05f-49e8-b4fe-3faa97332865,1272,323,"SAIS PARA REIDRATAÇÃO ORAL - 27,9G - ENV",ENVELOPE,2027-06-01,False
71f20014-1bf2-4e08-bb4f-7b1e05dc4033,5413,7642832,SALBUTAMOL (SULFATO) 100MCG/DOSE - 200 DOSES- FR SPR,FRASCO,2028-06-04,False
575bc1d9-bad6-481e-a04b-15401f28a839,1439,A10A00224,SECNIDAZOL 1G - COMP,COMPRIMIDO,2028-06-04,False
f582f03c-c2c8-4f12-b085-cd2ebfc7e405,16639,310800,SILDENAFILA (CITRATO) 20MG - COMP,COMPRIMIDO,2026-06-12,False
81fa327a-25ef-4de6-bdca-2e9b7c87ca12,1382,A09A04524,SIMETICONA 40MG - COMP,COMPRIMIDO,2028-06-05,False
8b55011b-dd67-495b-b386-433f10bbfe0d,1240,4D3752,SIMETICONA 75MG/ML - 15ML - FGO,FRASCO-GOTAS,2028-06-06,False
9f2f3b2d-80b3-44ec-903b-1154006d71e9,7068,2406970,SINVASTATINA 20MG - COMP,COMPRIMIDO,2028-06-03,False
1998f680-9d4a-432c-bdc5-a3f2a119dd0b,3776,2401444,SINVASTATINA 40MG - COMP,COMPRIMIDO,2027-06-12,False
44710fde-f81c-486e-bf31-a44a557c520f,1233,2415879,SOLUÇÃO DE GLICERINA 120MG/ML - 12% - 500ML - FR,FRASCO,2028-06-08,False
6b2d446b-7ed8-4f28-b915-8205870bf842,1523,74TE2069,SOLUÇÃO DE GLICOSE 100MG/ML - 10% - 500ML - FR,TUBO,2028-06-04,False
72e625a7-01d1-4f4e-a87d-25e92181b985,1504,74TG3118,SOLUÇÃO DE GLICOSE 50MG/ML - 5% - 250ML - FR,TUBO,2028-06-06,False
b5f5fbbb-4f21-4aa3-bdb3-47b9d5875635,1505,74TE1946,SOLUÇÃO DE GLICOSE 50MG/ML - 5% 100 ML - FR,UNIDADE,2028-06-04,False
a3735de4-098a-473a-80b6-d3419d033f9a,1517,74TF2471,SOLUÇÃO DE MANITOL 200MG/ML - 20% - 250ML - FR,TUBO,2028-06-05,False
bfbf2b5c-52de-4619-9229-b9da835180bb,1520,24070065,SOLUÇÃO DE OLIGOELEMENTOS PARA NPT - 2ML - AMP,AMPOLA,2026-09-07,False
883bf661-20ae-4553-aef2-b7c66126d04f,1515,79TG3215,SOLUÇÃO DE RINGER LACTATO - 500ML - FR,TUBO,2028-06-06,False
e7fe5b7a-a27f-4552-9c40-c352437d4b81,2936,74TH3672,"SOLUÇÃO FISIOLÓGICA 9MG/ML - 0,9% - 1000ML - FR",UNIDADE,2028-06-07,False
c5fade07-a587-4610-b8ce-5133f87af06a,1506,24H0173H,"SOLUÇÃO FISIOLÓGICA 9MG/ML - 0,9% - 100ML - FR/ BOLSA",TUBO,2028-06-07,False
f45974f3-bdce-4203-8df7-7b6a424195c9,2701,2432284,"SOLUÇÃO FISIOLÓGICA 9MG/ML 0,9% - 10ML - AMP",UNIDADE,2028-06-08,False
e3f6459e-35f5-4525-85d6-c8d05435c009,1507,191899,"SOLUÇÃO FISIOLÓGICA 9MG/ML 0,9% - 250ML - FR/BOLSA",TUBO,2026-06-06,False
4b0af76b-5c9a-4a99-bfc3-dde5b52602ae,1508,PR396H3,"SOLUÇÃO FISIOLÓGICA 9MG/ML 0,9% - 500ML - FR/BOLSA",FRASCO,2028-07-05,False
ae69c433-f50f-4a4c-85e9-af7728799c6e,1514,74TG3195,SOLUÇÃO GLICOFISIOLÓGICA 1:1 - 500ML - FR,TUBO,2028-06-06,False
87c4b51b-0dca-4cdc-8af1-3bc2107d8c2c,40054,AZB5168,"SOLUÇÃO PARA DIÁLISE PERITONEAL + GLICOSE 1,5% - 2500ML - BOLSA",BOLSA,2025-01-12,False
cc23d98b-f91b-4d76-8c81-eb04e03a93cc,8741,848986,"SORBITOL 714MG/G + LAURILSULFATO DE SÓDIO 7,7MG/G - 6,5G - BIS",BISNAGA,2027-06-05,False
5a1ff41f-346a-4070-8b8c-e6bd06bf267b,7587,3S7120,SUCRALFATO 200MG/ML - 10ML - FLC,FLACONETE,2027-06-11,False
4ba3c46d-b694-4662-8563-741cb0460c7e,19321,24080972,SUGAMADEX SÓDICO 100MG/ML - 2 ML - FA,FRASCO AMPOLA,2028-06-07,False
250a4dab-4284-48ea-90c7-f39221e21afb,1563,240030,SULFADIAZINA 500 MG - COMP,COMPRIMIDO,2028-06-01,False
c56ee248-01a7-4e62-bbbe-a3d02425d3bc,1286,240765,SULFADIAZINA DE PRATA 1% - 50G- BIS,BISNAGA,2028-06-05,False
b665d751-7bf5-498c-bd40-66be4e6c4193,1423,34213,SULFAMETOXAZOL 400MG + TRIMETOPRIMA 80 MG - COMP,COMPRIMIDO,2028-06-03,False
fed02959-a5cb-4398-9f86-8e01e607fc59,22810,3N1902,SULFAMETOXAZOL 40MG/ML + TRIMETOPRIMA 8MG/ML - 100 ML - SUSPENSÃO ORAL - FR,FRASCO,2027-06-06,False
9d7bbee9-8cbd-4d4e-a975-3345e4591ab0,1277,B24G2634,SULFAMETOXAZOL 80MG/ML + TRIMETOPRIMA 16MG/ML - 5ML - AMP,AMPOLA,2028-06-07,False
dfb676bf-e84e-478e-b6dc-8bd835958e59,1424,202100465,SULFASSALAZINA 500MG - COMP,COMPRIMIDO,2026-06-10,False
82971b64-0228-4349-aabf-d69837a7453d,28435,4040354,SULFATO DE MAGNÉSIO 10% - 10ML - AMP,AMPOLA,2028-02-04,False
ecb16295-4486-4650-b387-2d62b57c7a41,1326,3120161,SULFATO DE MAGNÉSIO 50% -10ML - AMP,AMPOLA,2027-06-12,False
8a151a19-a4ab-4863-80be-5caa7ef14d78,1278,24D0244,SULFATO FERROSO 125MG/ML (25MG/ML) - 30ML - FGO,FRASCO-GOTAS,2028-06-04,False
4b757411-d52d-4f15-a66c-62c2bdfba8ba,1389,44022,SULFATO FERROSO 40 MG DE FERRO ELEMENTAR - COMP,COMPRIMIDO,2028-06-04,False
0ae18ee6-f3af-4088-bdd9-58747fc1cff6,1599,1193745,SURFACTANTE 80 MG/ML - 3ML - AMP,FRASCO AMPOLA,2027-06-10,False
5d5f6c8c-2316-4407-9ca0-ce93c8ef1ed3,1205,2431060,SUXAMETÔNIO (CLORETO) 100MG - FA,FRASCO AMPOLA,2028-06-08,False
16f25bd1-e54b-41b8-a621-6327e2e1048d,39462,S/L,TALCO NEUTRO ESTÉRIL ( SILICATO DE MAGNÉSIO) 5G - SACHÊ,ENVELOPE,2025-04-01,False
0033192a-e0c5-4f29-b29d-b15ec60c8ea3,4157,78TC1370,TEICOPLANINA 400MG - FA,FRASCO AMPOLA,2027-05-04,False
8505abc2-aee1-46fd-96f8-fed586a32649,22384,23091470,TENOFOVIR 300MG + LAMIVUDINA 300 MG - COMP,COMPRIMIDO,2027-06-06,False
ba88537b-58e4-449f-8e0f-621face2222f,2681,2413220,"TERBUTALINA (SULFATO) 0,5MG/ML- 1ML- AMP",AMPOLA,2028-06-04,False
e6bb421b-a961-402e-b63b-9ca845448539,23379,24070062,TIAMINA (CLORIDRATO) 100MG/ML - 1ML - AMP,AMPOLA,2026-03-07,False
68322493-a063-4342-a75c-704753003028,4589,23I45J,TIAMINA 300MG - COMP,COMPRIMIDO,2027-06-08,False
0a501d8e-0523-47c7-8680-9fdaaa611f02,18821,2330051,TIGECICLINA 50MG - PO LIOF - FA,FRASCO AMPOLA,2026-06-12,False
5d6512ad-9c59-4a43-8cd5-d17282323b86,3938,2414710,TIMOLOL (MALEATO) 5MG/ML - 5ML - FGO,FRASCO-GOTAS,2028-06-04,False
47243765-d186-4bd3-b52a-a0aa20924d56,7239,2400810,TOBRAMICINA 3G/ML + DEXAMETASONA 1MG/ML - 5ML - SOL OFT - FGO,FRASCO-GOTAS,2028-06-01,False
269e9af3-6aa7-4f55-bf3e-1ab6a0f3d473,1357,2404705,TOBRAMICINA 3MG/ML - 5ML - FGO,FRASCO-GOTAS,2028-06-05,False
6786ad0d-80e4-49fa-af37-d3d2f6943ad1,1358,77257,TROPICAMIDA 10 MG/ML (1%) - 5ML - FGO,FRASCO-GOTAS,2027-06-09,False
77127c98-742a-472f-9588-b7a294a91e21,1271,111573C,VANCOMICINA (CLORIDRATO) 500MG - FA,FRASCO AMPOLA,2028-06-06,False
66daa3a5-aacb-4f9b-8780-fa2f478ac552,4044,232805,"VARFARINA SÓDICA 2,5MG - COMP",COMPRIMIDO,2028-06-11,False
72b21fd7-ba55-4523-a001-9f39ff57983a,1310,2403401B,VASELINA SÓLIDA - 30G - BIS,BISNAGA,2028-06-08,False
2b565d2c-c320-4e81-9c18-e919d8c23cb2,3933,23091426,VITAMINA A 200.000UI - CAP,CÁPSULA,2027-06-09,False
43f364d1-37c9-47fa-818f-88f5f0c25878,1178,23081084,VITAMINA C 100MG/ML - 5ML - AMP,AMPOLA,2027-06-08,False
092ee5cb-dd53-4e61-8392-b21348fd6ec4,1261,2309586,VITAMINA C 200MG/ML - 20ML - FGO,FRASCO-GOTAS,2027-06-07,False
5487c31b-ba18-4b10-b7ea-3cea3ef585a1,30508,2407629,VITAMINAS A (RETINOL) 5000UI/G +D (COLECALCIFEROL) 900UI/G + OXIDO DE ZINCO 150MG/G - 45G - BIS,BISNAGA,2028-06-04,False
22e05613-dbd3-4975-a0ff-40edf9fe1fe3,1749,23081125,VITAMINAS DO COMPLEXO B - 2ML - AMP,AMPOLA,2027-06-08,False
f59700be-517e-49ba-ba1c-af7e0caa2dd2,4673,23080002,ZIDOVUDINA 10MG/ML - 20ML - FA,FRASCO AMPOLA,2027-06-08,False
137d0941-fcd6-428b-a0fc-88054a306450,30617,BZZ2330A,ZIDOVUDINA 50MG/5ML - SOL. ORAL - 240ML - FR,FRASCO,2027-06-01,False
d6ec37ce-8a71-427a-98b9-8f61ebf477ab,1153,14579,ÁCIDO ACETILSALICILICO 100MG - COMP,COMPRIMIDO,2027-06-05,False
161f3186-42f7-4d2d-829e-5a7bc11811a4,2609,24C0008,"ÁCIDO FÓLICO 0,2MG/ML - 30ML - FGO",FRASCO-GOTAS,2028-06-03,False
5540e02e-edaa-4947-932e-e93a328b7ce8,36867,1872,ÁCIDO POLIACRÍLICO (CARBÔMER) 2 MG - GEL OFTÁLMICO -TUBO - 10MG,TUBO,2027-06-08,False
c68dc885-c059-412f-9cb0-6c9bdbef0257,12176,24071052,ÁCIDO TRANEXÂMICO 50MG/ML - 5ML (250MG) - AMP,AMPOLA,2028-06-06,False
c2390f0d-8a5e-485e-bc2f-a502e2970ee1,1502,74SE2002,ÁGUA DESTILADA 1000ML - FR,TUBO,0227-06-04,False
e65b9d25-15e1-453f-8f85-c97dda941f44,1499,2432306,ÁGUA DESTILADA 10ML - AMP,AMPOLA,2028-06-08,False
febad59e-25dc-4217-b8cd-a2b0d47015fb,1501,74TF2631,ÁGUA DESTILADA 500ML - FR,TUBO,2027-05-05,False
000e3e0c-82aa-45ee-abc9-b6c838ba7be6,7216,B5H0082A,ÓXIDO FÉRRICO (SACARATO) 20MG/ML - 5ML - IV- SOL INJ - AMP,AMPOLA,2028-06-04,False
